d,cos,n_il,n_ir
2026-02-28,0.7871054410934448,248,197
2026-03-01,0.8381712436676025,283,225
2026-03-02,0.890336811542511,234,201
2026-03-03,0.8495201468467712,233,185
2026-03-04,0.8830951452255249,235,185
2026-03-05,0.8856471180915833,209,170
2026-03-06,0.8565846681594849,163,193
2026-03-07,0.8410064578056335,160,218
2026-03-08,0.8479515314102173,226,175
2026-03-09,0.8493333458900452,203,204
2026-03-10,0.8822630047798157,197,178
2026-03-11,0.8445255160331726,219,176
2026-03-12,0.8899602890014648,188,173
2026-03-13,0.822853147983551,125,188
2026-03-14,0.8099356293678284,144,183
2026-03-15,0.8797169923782349,205,108
2026-03-16,0.8024089932441711,153,47
2026-03-17,0.8787861466407776,186,75
2026-03-18,0.8789156079292297,179,82
2026-03-19,0.8134415149688721,224,164
2026-03-20,0.8057543039321899,171,148
2026-03-21,0.8146921992301941,146,167
2026-03-22,0.8352566361427307,221,129
2026-03-23,0.8594802021980286,161,150
2026-03-24,0.8757139444351196,194,149
2026-03-25,0.857509195804596,214,156
2026-03-26,0.8393120765686035,204,118
2026-03-27,0.8645609021186829,120,150
2026-03-28,0.7900415062904358,118,140
2026-03-29,0.8628391027450562,158,167
2026-03-30,0.9068666696548462,176,167
2026-03-31,0.8486399054527283,172,148
2026-04-01,0.8197131752967834,136,167
2026-04-02,0.8053016662597656,125,133
2026-04-03,0.8474346399307251,127,136
2026-04-04,0.8689115047454834,100,149
2026-04-05,0.8823685646057129,132,136
2026-04-06,0.8560025095939636,173,155
2026-04-07,0.8411380648612976,162,193
2026-04-08,0.9135741591453552,77,163
2026-04-09,0.8528230786323547,126,166
2026-04-10,0.826143205165863,97,117
2026-04-11,0.8149633407592773,78,159
2026-04-12,0.8127402067184448,111,147
2026-04-13,0.8320832848548889,130,146
2026-04-14,0.8181931376457214,114,136
2026-04-15,0.8363634943962097,120,114
2026-04-16,0.8417046070098877,123,99
2026-04-17,0.8687761425971985,52,104
2026-04-18,0.8934103846549988,44,109
2026-04-19,0.8449730277061462,94,117
2026-04-20,0.8282609581947327,95,127
2026-04-21,0.8681949377059937,87,134
2026-04-22,0.8871820569038391,79,127
2026-04-23,0.8792393803596497,101,124
2026-04-24,0.8692014813423157,45,106
2026-04-25,0.8515343070030212,37,100
2026-04-26,0.8884252309799194,92,121
2026-04-27,0.8407046794891357,81,139
2026-04-28,0.8864888548851013,88,125
2026-04-29,0.8590922951698303,105,134
