assigned,language,our_n,our_share,paper_share
ru,Russian,4125,0.5230125523012552,0.355
en,English,1400,0.17750729047800176,0.163
de,German,717,0.09090909090909091,0.041
uk,Ukrainian,422,0.05350576898694054,
fa,Farsi,385,0.04881450488145049,0.139
es,Spanish,227,0.028781539241790288,
it,Italian,181,0.02294915684037023,
pt,Portuguese,116,0.014707746925320148,
fr,French,59,0.007480664384430075,
bg,bg,48,0.006085964244960061,
ko,Korean,46,0.005832382401420058,
ar,Arabic,28,0.0035501458095600355,0.021
et,et,22,0.002789400278940028,
zh-cn,zh-cn,16,0.0020286547483200205,
id,Indonesian,14,0.0017750729047800178,
tr,Turkish,14,0.0017750729047800178,
ro,ro,11,0.001394700139470014,
he,he,11,0.001394700139470014,
nl,nl,11,0.001394700139470014,
ca,ca,8,0.0010143273741600102,
pl,pl,8,0.0010143273741600102,
fi,fi,4,0.0005071636870800051,
no,no,4,0.0005071636870800051,
sv,sv,3,0.0003803727653100038,
cs,cs,2,0.00025358184354000256,
sk,sk,2,0.00025358184354000256,
cy,cy,1,0.00012679092177000128,
mk,mk,1,0.00012679092177000128,
af,af,1,0.00012679092177000128,
