decile,channels,median_neg,scam_rate,verified_rate,fake_rate,restricted_rate,median_subs
D1,764,0.0004,0.0,0.0327,0.0026,0.0249,1003.0
D2,763,0.0105,0.0,0.0236,0.0013,0.0236,797.0
D3,764,0.0258,0.0,0.017,0.0,0.0249,795.0
D4,763,0.046,0.0,0.0131,0.0013,0.0183,703.5
D5,764,0.0733,0.0,0.0183,0.0013,0.0223,599.0
D6,763,0.1058,0.0,0.0236,0.0,0.0236,872.5
D7,763,0.1504,0.0,0.0236,0.0,0.0301,1037.0
D8,764,0.2055,0.0,0.0353,0.0,0.0209,1413.0
D9,763,0.284,0.0,0.0354,0.0,0.021,1847.0
D10,764,0.4375,0.0,0.0707,0.0039,0.0288,4114.0
