reason,androidterms,appleterms,appleviolence,copyright,doxxing,law,msviolence,porn,sensitive,terms,violence
androidterms,0,2198,2162,1547,284,21,12,1075,217,1226,75
appleterms,2198,0,1645,1409,279,21,10,950,200,1090,68
appleviolence,2162,1645,0,1360,267,19,12,919,167,1094,61
copyright,1547,1409,1360,0,284,25,8,1068,207,1072,74
doxxing,284,279,267,284,0,10,0,194,54,275,22
law,21,21,19,25,10,0,0,24,7,25,7
msviolence,12,10,12,8,0,0,0,12,2,12,1
porn,1075,950,919,1068,194,24,12,0,336,1009,101
sensitive,217,200,167,207,54,7,2,336,0,254,54
terms,1226,1090,1094,1072,275,25,12,1009,254,0,107
violence,75,68,61,74,22,7,1,101,54,107,0
