service_action,n
ChatAddUser,3175685
ChatJoinedByRequest,488524
ChatJoinedByLink,407876
PinMessage,353419
ChatDeleteUser,177598
GroupCall,53638
InviteToGroupCall,29113
ChatEditPhoto,26584
ChatEditTitle,15817
ChannelCreate,10695
BoostApply,6552
GroupCallScheduled,6259
GameScore,5928
PollAppendAnswer,2000
CustomAction,1665
ChatDeletePhoto,1230
PaidMessagesPrice,1100
ChannelMigrateFrom,1018
SetMessagesTTL,680
GiveawayLaunch,353
TopicEdit,101
TopicCreate,90
SetChatWallPaper,81
GiveawayResults,78
TodoCompletions,64
PollDeleteAnswer,57
NewCreatorPending,14
GeoProximityReached,10
SetChatTheme,1
