,share,channels,keywords
0,0.1618669314796425,163,"vaccine, vaccines, australia, vaccinated, vaccination, pfizer, mrna, protein"
1,0.10923535253227408,110,"joe, president trump, voter, donald trump, elections, county, democrats, fraud"
3,0.0903674280039722,91,"gay, trans, bro, anon, dudes, admin, frens, wednesday dudes"
2,0.0903674280039722,91,"prayer, spiritual, faith, sin, allah, intention, consciousness, sunday"
4,0.08937437934458789,90,"sauce, pack, sticker pack, install, ep, commissions, sketch, cat"
5,0.08540218470705065,86,"nft, qfs, bitcoin, crypto, article comments, redemption, banks, wallet"
6,0.0804369414101291,81,"forces, iranian, lebanon, strikes, palestinian, missile, strait, gaza"
7,0.05958291956305859,60,"bieniek, sebastian, sebastian bieniek, lovely, painting, canvas, cm, paintings"
8,0.05759682224428997,58,"apps, channels, mini, users, fixes, aim, premium, app"
9,0.05759682224428997,58,"hitler, adolf, adolf hitler, white people, whites, ss, violence, camps"
10,0.05163853028798411,52,"shitpost, vincent, kennedy, chris, r2tbot, na, truth social, dig"
11,0.0407149950347567,41,"ireland, irish, migrants, bbc, tour, britain, northern, politicians"
12,0.025819265143992055,26,"negative, shooter, album, du, rodriguez, adrian, shotgun, music video"
